,species0,species1,species2,species3,species4
species0,0.5360285211342866,0.9202918657005734,0.6797077311751608,0.840606093494119,0.43084215288454664
species1,0.9202918657005734,0.8624172028214568,0.8875932218035093,0.7697542478284254,0.20321391203358008
species2,0.6797077311751608,0.8875932218035093,0.595155608765382,0.0034353114400801354,0.09605192500300663
species3,0.840606093494119,0.7697542478284254,0.0034353114400801354,0.4588704183841745,0.02925107365993873
species4,0.43084215288454664,0.20321391203358008,0.09605192500300663,0.02925107365993873,0.6421087664286139
